{"count":1,"gauges":{"RobotBrain.CumulativeReward":{"count":4,"max":1,"min":-1,"value":1,"weightedAverage":0.625}},"self":27.157635199999998,"total":27.464722,"children":{"AgentSendState":{"count":1358,"self":0.014058,"total":0.0150554,"children":{"CollectObservations":{"count":136,"self":0.00099739999999999985,"total":0.00099739999999999985,"children":null},"CollectDiscreteActionMasks":{"count":136,"self":0,"total":0,"children":null}}},"DecideAction":{"count":1358,"self":0.2760767,"total":0.2760767,"children":null},"AgentAct":{"count":1358,"self":0.014922999999999999,"total":0.014922999999999999,"children":null}}}